,wordorphrase,meaning,sentences
1,reticent,"Meaning:<br><br> Adjective:['temperamentally disinclined to talk', 'cool and formal in manner', 'reluctant to draw attention to yourself']<br><hr>Explaination: Reticent means either quiet or restrained. If you;re reticent about your feelings, you like to keep them to yourself, and you;re probably quiet in rowdy groups where everyone is talking over each other.The original meaning of reticent describes someone who doesnt like to talk. Be careful in your context, however. Reticent can refer to someone who is restrained and formal, but it can also refer to someone who doesnt want to draw attention to herself or who prefers seclusion to other people. Dont confuse reticent with reluctant, which means unwilling.<hr>Noun Forms: reticences reticence<br>Adjective Forms: reticent<br>Adverb Forms: reticently<br>","1)  Discord among the core group of the Federal Open Market Committee's permanent voting members, who are typically more reticent to voice firm views, has also sprung out into public, a sure sign of intense debate behind closed doors.<br> 2) Khushi says, ""She was the most reclusive and reticent star.<br>"
2,prosaic,"Meaning:<br><br> Adjective:['not fanciful or imaginative', 'lacking wit or imagination', 'not challenging; dull and lacking excitement']<br><hr>Explaination: Prosaic means ordinary or dull. Most of us lead a prosaic everyday life, sometimes interrupted by some drama or crisis.This adjective is from Latin prosa ""prose,"" which is ordinary writing intended to communicate ideas and information. Prose is often contrasted with poetry, which usually has a more imaginative and original style.<hr>Noun Forms: prose prosaicnesses prosaicness proses<br>Adjective Forms: prosaic<br>Adverb Forms: prosaically<br>","1)  There are moments when ""Respect,"" an uneven, prosaic but affecting new movie starring Jennifer Hudson as a young Aretha Franklin, comes close to pinpointing something true and revealing about its subjects art.<br> 2) The health pass is also required to participate in other more prosaic but beloved aspects of French daily life, such as having a coffee at a cafe, devouring boeuf bourguignon at a restaurant or taking an intercity train.<br>"
3,extant,"Meaning:<br><br> Adjective:['still in existence; not extinct or destroyed or lost']<br><hr>Explaination: Use the adjective extant to describe old things that are still around, like your extant diary from third grade or the only extant piece of pottery from certain craftspeople who lived hundreds of years ago.Extant is the opposite of extinct: it refers to things that are here  they haven't disappeared or been destroyed. Use extant to describe things that it may be surprising to learn are still around  you wouldn't say jeans you bought last year are extant, but a pair of jeans worn by Marilyn Monroe back in the s? Definitely extant.<hr>Adjective Forms: extant<br>","1)  Habitats on Mars that could harbor extant martian life have been hypothesized, such as subsurface environments, caves, and ice deposits (2).<br> 2)  Many of those were simply new buildings, but others were extant apartments, many of which are classified as ""hard-to-find"" because they are informal apartments in multifamily houses.<br>"
4,ephemeral,"Meaning:<br><br> Noun:['anything short-lived, as an insect that lives only for a day in its winged form']<br>Adjective:['lasting a very short time']<br><hr>Explaination: Something that is fleeting or shortlived is ephemeral, like a fly that lives for one day or text messages flitting from cellphone to cellphone.Ephemeral əFEMərəl was originally a medical term with the specific meaning ""lasting only one day,"" as a fever or sickness Hemera means ""day"" in Greek. The word became more general, coming to mean ""lasting a short time,"" covering the life spans of plants or insects and then eventually anything that is fleeting or transitory. A related word is the plural noun ephemera, meaning ""things that are meant to last for only a short time."" Posters for a rock concert are often ephemera, unless the band is so famous that they get saved and sold on eBay.<hr>Noun Forms: ephemeralness ephemeras ephemeralities ephemeralnesses ephemerals ephemeral ephemera ephemerality<br>Adjective Forms: ephemeral<br>","1)  These deferrals generate temporary increases in tax revenue to fund new spending, but any revenues are ephemeral as firms must make up the deferrals later.<br> 2) a group of ephemeral wax sculptures by swiss artist urs fischer is slowly melting away inside the bourse de commerce.<br>"
5,capricious,"Meaning:<br><br> Adjective:['changeable', 'determined by chance or impulse or whim rather than by necessity or reason']<br><hr>Explaination: Capricious is an adjective to describe a person or thing that;s impulsive and unpredictable, like a bride who suddenly leaves her groom standing at the wedding altar.You can criticize a fickleminded person as capricious, but it could just as well describe quickly changing weather, as in ""capricious spring storms."" It's the adjective form of the noun caprice, which means a sudden change of mood. Caprice might come from capra, the Italian word for ""goat"" because goats are frisky, or from capo, ""head""  riccio, ""hedgehog."" Why bring hedgehogs into it? If you have a ""hedgehog head,"" you are so scared that your hair is standing straight on end. A scared person makes sudden starts this way and that, just as a capricious person does.<hr>Noun Forms: caprices capriciousnesses caprice capriciousness<br>Adjective Forms: capricious<br>Adverb Forms: capriciously<br>","1)  The travel bans are arbitrary and capricious, and, contrary to what you might think, did not end when Trump left the White House.<br> 2)  In three of four trips to the court, the same two judges of the same Third Circuit panel rejected the FCCs efforts to update its media ownership rules as ""arbitrary and capricious"" because they found that the underlying record did not address their questions about the effects of the revised rules on minority and female ownership of media outlets.<br>"
6,corroborate,"Meaning:<br><br> Verb:['establish or strengthen as with new evidence or facts', 'give evidence for', 'support with evidence or authority or make more certain or confirm']<br><hr>Explaination: To corroborate is to back someone elses story. If you swear to your teacher that you didn;t throw the spitball, and your friends corroborate your story by promising that you were concentrating on math homework, she might actually believe you.For example, a witness in court corroborates the testimony of others, and further experimentation can corroborate a scientific theory. Near synonyms are substantiate and confirm. Corroborate, originally meaning ""to support or strengthen,"" was borrowed from Latin corrōborāre, formed from the prefix cor ""completely"" plus rōborāre ""to strengthen"" from rōbur ""strength"".<hr>Noun Forms: corroboration corroborations<br>Adjective Forms: corroboratory corroborative<br>Verb Forms: corroborate corroborating corroborated corroborates<br>","1)  They include research that warrants further study to corroborate the findings and that have yet to be certified by peer review.<br> 2)  Chuck Grassley (R-Iowa), ranking member of the Senate Judiciary Committee, is seeking federal records that may corroborate whistleblower accounts that President Bidens nominee to lead the Bureau of Alcohol, Tobacco, Firearms and Explosives (ATF) displayed racial bias while serving as a supervisor at the agency.<br>"
7,loquacious,"Meaning:<br><br> Adjective:['full of trivial conversation']<br><hr>Explaination: A loquacious person talks a lot, often about stuff that only they think is interesting. You can also call them chatty or gabby, but either way, they;re loquacious.Whenever you see the Latin loqu, you can be sure that the word has something to do with ""talking."" So a loquacious person is a person who talks a lot, and often too much. Sitting next to a loquacious person at a dinner party can make dinner a real drag. Of course, if you've got nothing to say, a loquacious person might make a good dinner companion, because they'll do all the talking. All you will have to do is smile and eat.<hr>Noun Forms: loquaciousnesses loquacities loquaciousness loquacity<br>Adjective Forms: loquacious<br>Adverb Forms: loquaciously<br>","1)  Minshew also is driven, and loquacious.<br> 2)  According to Urban Dictionary, the term means ""a loquacious white boy that acts like a Black women as a joke.<br>"
8,esoteric,"Meaning:<br><br> Adjective:['confined to and understandable by only an enlightened inner circle']<br><hr>Explaination: Pssst... do you know the secret handshake? If you haven;t been brought into the inner circle of those with special knowledge, esoteric things will remain a mystery to you.In the olden days, achieving esoteric knowledge meant getting initiated into the mystical arts, learning secrets unknown to regular folks. Now when a subject is called esoteric it's usually something not so mystical but still hard to penetrate: financial accounting might seem esoteric for people who get easily stumped filling out their tax forms. Americans might find the sport of cricket to be esoteric, but the rules of baseball can be just as impenetrable to outsiders. The infield fly rule? Totally esoteric.<hr>Adjective Forms: esoteric<br>","1) com/product/esoteric-testing-market/ Visualize Esoteric Testing Market using Verified Market Intelligence:- Verified Market Intelligence is our BI-enabled platform for narrative storytelling of this market.<br> 2) In a time when esoteric products are gaining popularity and it seems like everyone and their mama are apparently brujas, finding genuine products can be confusing.<br>"
9,erudite,"Meaning:<br><br> Adjective:['having or showing profound knowledge']<br><hr>Explaination: If you call someone erudite, that means they show great learning. After you;ve earned your second Ph.D., you will be truly erudite.Erudite is from Latin verb erudire, ""to teach,"" which comes from rudis for ""raw, unskilled, ignorant"" the source of our word rude. If you bring someone out of a raw state, you educate them, so someone who is erudite is very educated indeed and perhaps a bit of a showoff. You can say either ERoodite or ERyoodite; the second one, being a bit harder to say, can seem a bit more erudite.<hr>Noun Forms: eruditeness eruditenesses<br>Adjective Forms: erudite<br>Adverb Forms: eruditely<br>","1) Tamil Nadus analysis of its financial situation is erudite and honest and could help steer the State back on track The Finance Minister of Tamil Nadu, Palanivel Thiaga Rajan, on Monday, unveiled a 112-page 'White Paper on the fiscal situation of the State.<br> 2)  Playful, erudite, expansive, the book gives one much to chew on, widening our understanding of our corporeal selves, as well as how that understanding has shifted and evolved over time.<br>"
10,pragmatic,"Meaning:<br><br> Noun:['an imperial decree that becomes part of the fundamental law of the land']<br>Adjective:['concerned with practical matters', 'or pragmatic', 'of or concerning the theory of pragmatism', 'guided by practical experience and observation rather than theory']<br><hr>Explaination: To describe a person or a solution that takes a realistic approach, consider the adjective pragmatic. The fouryearold who wants a unicorn for her birthday isn;t being very pragmatic.The opposite of idealistic is pragmatic, a word that describes a philosophy of ""doing what works best."" From Greek pragma, ""deed,"" the word has historically described philosophers and politicians who were concerned more with realworld application of ideas than with abstract notions. A pragmatic person is sensible, grounded, and practical  and doesn't expect a birthday celebration filled with magical creatures.<hr>Noun Forms: pragmatists pragmatics pragmatist pragmatisms pragmatic pragmatism<br>Adjective Forms: pragmatical pragmatic<br>Adverb Forms: pragmatically<br>","1) "" ""I think we are rooted in a bold, progressive vision, but were also pragmatic progressives,"" Geevarghese said.<br> 2)  ""Its not that Im more pragmatic.<br>"
11,prolific,"Meaning:<br><br> Adjective:['intellectually productive', 'bearing in abundance especially offspring']<br><hr>Explaination: Someone or something that is prolific is fruitful or highly productive. A prolific songwriter can churn out five hit tunes before breakfast.A prolific writer cranks out two novels a year, and a prolific rabbit has baby bunnies every few months. The word comes from combining the medieval Latin prolificus offspring with a form of facere to make or do. It can also connote something taking root and growing, like prolific poison ivy that takes over the yard.<hr>Adjective Forms: prolific<br>","1)  Panzram, recognized as one of the most prolific serial killers of the 20th century, himself wondered if maybe he had just been born that way -- but shortly before his death by hanging in 1930, he reflected in his extensive writings about his life whether there could have been another course for him.<br> 2)  Hes what we would refer to as a prolific offender.<br>"
